Entity,Code,Year,Gini coefficient
Albania,ALB,1996,0.27010342
Albania,ALB,2002,0.3173898
Albania,ALB,2005,0.30595654
Albania,ALB,2008,0.2998467
Albania,ALB,2012,0.28960484
Albania,ALB,2014,0.34598896
Albania,ALB,2015,0.32753733
Albania,ALB,2016,0.33736297
Albania,ALB,2017,0.33055663
Albania,ALB,2018,0.30148283
Albania,ALB,2019,0.30115768
Albania,ALB,2020,0.2941963
Algeria,DZA,1988,0.37356994
Algeria,DZA,1995,0.35330054
Algeria,DZA,2011,0.27615732
Angola,AGO,2000,0.5194472
Angola,AGO,2008,0.42715514
Angola,AGO,2018,0.51263994
Argentina (urban),,1980,0.4083086
Argentina (urban),,1986,0.42797783
Argentina (urban),,1987,0.4526751
Argentina (urban),,1991,0.46754456
Argentina (urban),,1992,0.45455167
Argentina (urban),,1993,0.4484342
Argentina (urban),,1994,0.458985
Argentina (urban),,1995,0.4887874
Argentina (urban),,1996,0.49491405
Argentina (urban),,1997,0.4908586
Argentina (urban),,1998,0.50713223
Argentina (urban),,1999,0.49766296
Argentina (urban),,2000,0.5103861
Argentina (urban),,2001,0.53294307
Argentina (urban),,2002,0.5376044
Argentina (urban),,2003,0.5099472
Argentina (urban),,2004,0.48483652
Argentina (urban),,2005,0.47810388
Argentina (urban),,2006,0.46444556
Argentina (urban),,2007,0.4628268
Argentina (urban),,2008,0.4498683
Argentina (urban),,2009,0.43759
Argentina (urban),,2010,0.43676597
Argentina (urban),,2011,0.42737958
Argentina (urban),,2012,0.41437393
Argentina (urban),,2013,0.41086507
Argentina (urban),,2014,0.4182253
Argentina (urban),,2016,0.42345047
Argentina (urban),,2017,0.41434836
Argentina (urban),,2018,0.41719007
Argentina (urban),,2019,0.43314177
Argentina (urban),,2020,0.42743757
Argentina (urban),,2021,0.4244559
Argentina (urban),,2022,0.40736493
Armenia,ARM,1999,0.36219725
Armenia,ARM,2001,0.3536436
Armenia,ARM,2002,0.34779674
Armenia,ARM,2003,0.33028087
Armenia,ARM,2004,0.37505633
Armenia,ARM,2005,0.35992354
Armenia,ARM,2006,0.29709986
Armenia,ARM,2007,0.31226057
Armenia,ARM,2008,0.2918814
Armenia,ARM,2009,0.2801588
Armenia,ARM,2010,0.29992583
Armenia,ARM,2011,0.29352945
Armenia,ARM,2012,0.29602262
Armenia,ARM,2013,0.30579662
Armenia,ARM,2014,0.3148329
Armenia,ARM,2015,0.32356772
Armenia,ARM,2016,0.32547948
Armenia,ARM,2017,0.3362184
Armenia,ARM,2018,0.344335
Armenia,ARM,2019,0.30031213
Armenia,ARM,2020,0.25131604
Armenia,ARM,2021,0.2794013
Armenia,ARM,2022,0.27945295
Australia,AUS,1981,0.31324756
Australia,AUS,1985,0.3249643
Australia,AUS,1989,0.33151928
Australia,AUS,1995,0.3257863
Australia,AUS,2001,0.33462042
Australia,AUS,2003,0.3349686
Australia,AUS,2004,0.3305577
Australia,AUS,2008,0.3542851
Australia,AUS,2010,0.34656727
Australia,AUS,2014,0.34398198
Australia,AUS,2016,0.33685225
Australia,AUS,2018,0.34332561
Austria,AUT,1994,0.3082802
Austria,AUT,1995,0.29914328
Austria,AUT,1996,0.29317808
Austria,AUT,1997,0.29065368
Austria,AUT,1998,0.31340772
Austria,AUT,1999,0.2967054
Austria,AUT,2000,0.28964692
Austria,AUT,2003,0.29465577
Austria,AUT,2004,0.29788825
Austria,AUT,2005,0.28715184
Austria,AUT,2006,0.29587558
Austria,AUT,2007,0.30579385
Austria,AUT,2008,0.30437064
Austria,AUT,2009,0.31494802
Austria,AUT,2010,0.3025161
Austria,AUT,2011,0.30801
Austria,AUT,2012,0.30475533
Austria,AUT,2013,0.30752888
Austria,AUT,2014,0.3053535
Austria,AUT,2015,0.30530685
Austria,AUT,2016,0.3079501
Austria,AUT,2017,0.2973688
Austria,AUT,2018,0.30847305
Austria,AUT,2019,0.3021043
Austria,AUT,2020,0.29800606
Austria,AUT,2021,0.30701602
Azerbaijan,AZE,1995,0.3464838
Azerbaijan,AZE,2001,0.36454937
Azerbaijan,AZE,2002,0.25277665
Azerbaijan,AZE,2003,0.2683288
Azerbaijan,AZE,2004,0.26621592
Azerbaijan,AZE,2005,0.26554906
Bangladesh,BGD,1983,0.2587649
Bangladesh,BGD,1985,0.26917496
Bangladesh,BGD,1988,0.28846547
Bangladesh,BGD,1991,0.27570805
Bangladesh,BGD,1995,0.32942984
Bangladesh,BGD,2000,0.33406532
Bangladesh,BGD,2005,0.33201292
Bangladesh,BGD,2010,0.32130313
Bangladesh,BGD,2016,0.32385272
Bangladesh,BGD,2022,0.33373156
Belarus,BLR,1998,0.3201835
Belarus,BLR,1999,0.31738147
Belarus,BLR,2000,0.31167483
Belarus,BLR,2001,0.30576724
Belarus,BLR,2002,0.30336243
Belarus,BLR,2003,0.28821012
Belarus,BLR,2004,0.26479885
Belarus,BLR,2005,0.2755341
Belarus,BLR,2006,0.28275442
Belarus,BLR,2007,0.2961238
Belarus,BLR,2008,0.27826044
Belarus,BLR,2009,0.27689305
Belarus,BLR,2010,0.285666
Belarus,BLR,2011,0.2715255
Belarus,BLR,2012,0.26526198
Belarus,BLR,2013,0.26575053
Belarus,BLR,2014,0.27176666
Belarus,BLR,2015,0.25633225
Belarus,BLR,2016,0.25306615
Belarus,BLR,2017,0.2544457
Belarus,BLR,2018,0.25240526
Belarus,BLR,2019,0.25277847
Belarus,BLR,2020,0.24383356
Belgium,BEL,1985,0.2520385
Belgium,BEL,1988,0.25711522
Belgium,BEL,1992,0.2494629
Belgium,BEL,1995,0.28410766
Belgium,BEL,1997,0.2683214
Belgium,BEL,2000,0.33135915
Belgium,BEL,2003,0.28143317
Belgium,BEL,2004,0.30541426
Belgium,BEL,2005,0.29336902
Belgium,BEL,2006,0.28054035
Belgium,BEL,2007,0.29237667
Belgium,BEL,2008,0.28373718
Belgium,BEL,2009,0.28551185
Belgium,BEL,2010,0.28374815
Belgium,BEL,2011,0.2806043
Belgium,BEL,2012,0.27490476
Belgium,BEL,2013,0.27668843
Belgium,BEL,2014,0.28134006
Belgium,BEL,2015,0.27729303
Belgium,BEL,2016,0.2758073
Belgium,BEL,2017,0.27387637
Belgium,BEL,2018,0.2721419
Belgium,BEL,2019,0.27219546
Belgium,BEL,2020,0.2595828
Belgium,BEL,2021,0.2657763
Belize,BLZ,1993,0.6022769
Belize,BLZ,1994,0.60867983
Belize,BLZ,1996,0.5654803
Belize,BLZ,1997,0.6035009
Belize,BLZ,1998,0.54866445
Belize,BLZ,1999,0.5323102
Benin,BEN,2003,0.3857762
Benin,BEN,2011,0.43439555
Benin,BEN,2015,0.4762964
Benin,BEN,2018,0.37948644
Benin,BEN,2021,0.34395808
Bhutan,BTN,2003,0.40898
Bhutan,BTN,2007,0.3809077
Bhutan,BTN,2012,0.38809326
Bhutan,BTN,2017,0.3744141
Bhutan,BTN,2022,0.2845992
Bolivia,BOL,1997,0.5814129
Bolivia,BOL,1999,0.5803485
Bolivia,BOL,2000,0.61563873
Bolivia,BOL,2001,0.57366186
Bolivia,BOL,2002,0.59274095
Bolivia,BOL,2004,0.5500019
Bolivia,BOL,2005,0.58518255
Bolivia,BOL,2006,0.56660104
Bolivia,BOL,2007,0.5453242
Bolivia,BOL,2008,0.50814897
Bolivia,BOL,2009,0.4922026
Bolivia,BOL,2011,0.46080348
Bolivia,BOL,2012,0.46579948
Bolivia,BOL,2013,0.47588572
Bolivia,BOL,2014,0.47829148
Bolivia,BOL,2015,0.46731615
Bolivia,BOL,2016,0.45240772
Bolivia,BOL,2017,0.4461778
Bolivia,BOL,2018,0.4257908
Bolivia,BOL,2019,0.416443
Bolivia,BOL,2020,0.4364544
Bolivia,BOL,2021,0.40913323
Bolivia (urban),,1990,0.42035723
Bolivia (urban),,1992,0.4907205
Bosnia and Herzegovina,BIH,2001,0.2996643
Bosnia and Herzegovina,BIH,2004,0.3403749
Bosnia and Herzegovina,BIH,2007,0.33061588
Bosnia and Herzegovina,BIH,2011,0.33030185
Botswana,BWA,1985,0.5421201
Botswana,BWA,1993,0.6014759
Botswana,BWA,2002,0.6472722
Botswana,BWA,2009,0.604583
Botswana,BWA,2015,0.5332503
Brazil,BRA,1981,0.5786262
Brazil,BRA,1982,0.5835481
Brazil,BRA,1983,0.58902174
Brazil,BRA,1984,0.58297414
Brazil,BRA,1985,0.5552505
Brazil,BRA,1986,0.5843224
Brazil,BRA,1987,0.59642065
Brazil,BRA,1988,0.61370975
Brazil,BRA,1989,0.6324467
Brazil,BRA,1990,0.6044999
Brazil,BRA,1992,0.5310165
Brazil,BRA,1993,0.600656
Brazil,BRA,1995,0.59530365
Brazil,BRA,1996,0.5983732
Brazil,BRA,1997,0.59753734
Brazil,BRA,1998,0.5956541
Brazil,BRA,1999,0.5895037
Brazil,BRA,2001,0.5840255
Brazil,BRA,2002,0.58105445
Brazil,BRA,2003,0.57553095
Brazil,BRA,2004,0.564716
Brazil,BRA,2005,0.56309944
Brazil,BRA,2006,0.5564207
Brazil,BRA,2007,0.54918945
Brazil,BRA,2008,0.5403744
Brazil,BRA,2009,0.5368187
Brazil,BRA,2011,0.5294164
Brazil,BRA,2012,0.53435296
Brazil,BRA,2013,0.5268333
Brazil,BRA,2014,0.5202964
Brazil,BRA,2015,0.51926446
Brazil,BRA,2016,0.533671
Brazil,BRA,2017,0.53321064
Brazil,BRA,2018,0.5388832
Brazil,BRA,2019,0.5350931
Brazil,BRA,2020,0.48902002
Brazil,BRA,2021,0.52938724
Brazil,BRA,2022,0.5201522
Bulgaria,BGR,1992,0.3071431
Bulgaria,BGR,2006,0.3568935
Bulgaria,BGR,2007,0.36095893
Bulgaria,BGR,2008,0.33572584
Bulgaria,BGR,2009,0.3382308
Bulgaria,BGR,2010,0.3565347
Bulgaria,BGR,2011,0.34275046
Bulgaria,BGR,2012,0.36011046
Bulgaria,BGR,2013,0.36570963
Bulgaria,BGR,2014,0.37415925
Bulgaria,BGR,2015,0.38564444
Bulgaria,BGR,2016,0.40589708
Bulgaria,BGR,2017,0.40378964
Bulgaria,BGR,2018,0.41284075
Bulgaria,BGR,2019,0.40271127
Bulgaria,BGR,2020,0.40523154
Bulgaria,BGR,2021,0.3900545
Burkina Faso,BFA,1994,0.4802524
Burkina Faso,BFA,1998,0.49877948
Burkina Faso,BFA,2003,0.4325128
Burkina Faso,BFA,2009,0.39761
Burkina Faso,BFA,2014,0.35301226
Burkina Faso,BFA,2018,0.43016732
Burkina Faso,BFA,2021,0.37391287
Burundi,BDI,1992,0.3333381
Burundi,BDI,1998,0.42059556
Burundi,BDI,2006,0.33359864
Burundi,BDI,2013,0.38623992
Burundi,BDI,2020,0.37456092
Cameroon,CMR,1996,0.44446665
Cameroon,CMR,2001,0.42136794
Cameroon,CMR,2007,0.42820063
Cameroon,CMR,2014,0.46640873
Cameroon,CMR,2021,0.42176074
Canada,CAN,1971,0.3724673
Canada,CAN,1973,0.34901822
Canada,CAN,1975,0.34087208
Canada,CAN,1977,0.33729303
Canada,CAN,1979,0.3346914
Canada,CAN,1981,0.32963082
Canada,CAN,1982,0.329306
Canada,CAN,1984,0.33518428
Canada,CAN,1985,0.33174872
Canada,CAN,1986,0.3167582
Canada,CAN,1987,0.31653875
Canada,CAN,1988,0.31197873
Canada,CAN,1989,0.3101252
Canada,CAN,1990,0.31365362
Canada,CAN,1991,0.31943396
Canada,CAN,1992,0.3156432
Canada,CAN,1993,0.31675926
Canada,CAN,1994,0.3130381
Canada,CAN,1995,0.3150958
Canada,CAN,1996,0.32768053
Canada,CAN,1997,0.33116943
Canada,CAN,1998,0.33217245
Canada,CAN,1999,0.33060935
Canada,CAN,2000,0.33418295
Canada,CAN,2001,0.33554783
Canada,CAN,2002,0.3356031
Canada,CAN,2003,0.33809465
Canada,CAN,2004,0.33776483
Canada,CAN,2005,0.33621806
Canada,CAN,2006,0.3409054
Canada,CAN,2007,0.33841008
Canada,CAN,2008,0.33930567
Canada,CAN,2009,0.33952153
Canada,CAN,2010,0.33592603
Canada,CAN,2011,0.32657078
Canada,CAN,2012,0.33539012
Canada,CAN,2013,0.3379898
Canada,CAN,2014,0.33157605
Canada,CAN,2015,0.33746484
Canada,CAN,2016,0.32701823
Canada,CAN,2017,0.33308205
Canada,CAN,2018,0.3250927
Canada,CAN,2019,0.31749648
Cape Verde,CPV,2001,0.5249597
Cape Verde,CPV,2007,0.47187388
Cape Verde,CPV,2015,0.42381087
Central African Republic,CAF,1992,0.5927244
Central African Republic,CAF,2008,0.56177914
Central African Republic,CAF,2021,0.43027893
Chad,TCD,2003,0.39809614
Chad,TCD,2011,0.43319756
Chad,TCD,2018,0.37499154
Chad,TCD,2022,0.373575
Chile,CHL,1987,0.56193036
Chile,CHL,1990,0.5723538
Chile,CHL,1992,0.54806453
Chile,CHL,1994,0.5642096
Chile,CHL,1996,0.54868835
Chile,CHL,1998,0.5551666
Chile,CHL,2000,0.5275838
Chile,CHL,2003,0.51475215
Chile,CHL,2006,0.47706816
Chile,CHL,2009,0.47404596
Chile,CHL,2011,0.46868134
Chile,CHL,2013,0.46823916
Chile,CHL,2015,0.45343325
Chile,CHL,2017,0.4526995
Chile,CHL,2020,0.4700476
Chile,CHL,2022,0.4304274
China,CHN,1981,0.28164098
China,CHN,1984,0.271023
China,CHN,1987,0.29385957
China,CHN,1990,0.3222662
China,CHN,1993,0.338778
China,CHN,1996,0.3522766
China,CHN,1999,0.38703215
China,CHN,2002,0.41985723
China,CHN,2005,0.40900767
China,CHN,2008,0.4296504
China,CHN,2010,0.43744954
China,CHN,2011,0.42409223
China,CHN,2012,0.42237166
China,CHN,2013,0.397364
China,CHN,2014,0.39177653
China,CHN,2015,0.38595304
China,CHN,2016,0.38480517
China,CHN,2017,0.39075777
China,CHN,2018,0.38497642
China,CHN,2019,0.38168344
China,CHN,2020,0.37090832
China,CHN,2021,0.35743752
China (rural),,1981,0.24729232
China (rural),,1984,0.2668613
China (rural),,1987,0.29451063
China (rural),,1990,0.30475813
China (rural),,1993,0.2804393
China (rural),,1996,0.33620438
China (rural),,1999,0.35389417
China (rural),,2002,0.38019347
China (rural),,2005,0.35849202
China (rural),,2008,0.39399046
China (rural),,2010,0.4060783
China (rural),,2011,0.38497442
China (rural),,2012,0.39497343
China (rural),,2013,0.33971012
China (rural),,2014,0.3375639
China (rural),,2015,0.33242807
China (rural),,2016,0.33179837
China (rural),,2017,0.34255984
China (rural),,2018,0.33541563
China (rural),,2019,0.3267486
China (rural),,2020,0.31574252
China (rural),,2021,0.30404037
China (urban),,1981,0.18508829
China (urban),,1984,0.17744046
China (urban),,1987,0.20129786
China (urban),,1990,0.2559464
China (urban),,1993,0.2846636
China (urban),,1996,0.29089227
China (urban),,1999,0.31547564
China (urban),,2002,0.3339575
China (urban),,2005,0.3473589
China (urban),,2008,0.35154304
China (urban),,2010,0.3574452
China (urban),,2011,0.35559225
China (urban),,2012,0.3535335
China (urban),,2013,0.3668623
China (urban),,2014,0.36429673
China (urban),,2015,0.36156222
China (urban),,2016,0.36124825
China (urban),,2017,0.3694193
China (urban),,2018,0.36906132
China (urban),,2019,0.37052557
China (urban),,2020,0.36667654
China (urban),,2021,0.35652608
Colombia,COL,1992,0.51352334
Colombia,COL,1996,0.5678045
Colombia,COL,1999,0.5853699
Colombia,COL,2000,0.5839443
Colombia,COL,2001,0.57328486
Colombia,COL,2002,0.56007546
Colombia,COL,2003,0.5357371
Colombia,COL,2004,0.5497496
Colombia,COL,2005,0.53908044
Colombia,COL,2008,0.5530713
Colombia,COL,2009,0.54283005
Colombia,COL,2010,0.5461688
Colombia,COL,2011,0.5348354
Colombia,COL,2012,0.52637744
Colombia,COL,2013,0.52625173
Colombia,COL,2014,0.52543414
Colombia,COL,2015,0.50983036
Colombia,COL,2016,0.505629
Colombia,COL,2017,0.4970708
Colombia,COL,2018,0.50410813
Colombia,COL,2019,0.5132595
Colombia,COL,2020,0.53488696
Colombia,COL,2021,0.5511767
Colombia,COL,2022,0.5481926
Colombia (urban),,1980,0.5509124
Colombia (urban),,1988,0.53106165
Colombia (urban),,1989,0.528438
Colombia (urban),,1991,0.51318896
Comoros,COM,2004,0.5592444
Comoros,COM,2014,0.45332918
Congo,COG,2005,0.4732929
Congo,COG,2011,0.48937136
Costa Rica,CRI,1981,0.47494763
Costa Rica,CRI,1986,0.34414107
Costa Rica,CRI,1989,0.4546724
Costa Rica,CRI,1990,0.45215893
Costa Rica,CRI,1991,0.46555334
Costa Rica,CRI,1992,0.4564088
Costa Rica,CRI,1993,0.45928076
Costa Rica,CRI,1994,0.4670296
Costa Rica,CRI,1995,0.45660135
Costa Rica,CRI,1996,0.46479103
Costa Rica,CRI,1997,0.45579028
Costa Rica,CRI,1998,0.45638052
Costa Rica,CRI,1999,0.4763139
Costa Rica,CRI,2000,0.47410414
Costa Rica,CRI,2001,0.515062
Costa Rica,CRI,2002,0.51812834
Costa Rica,CRI,2003,0.49300545
Costa Rica,CRI,2004,0.4841771
Costa Rica,CRI,2005,0.47510344
Costa Rica,CRI,2006,0.4928061
Costa Rica,CRI,2007,0.4931286
Costa Rica,CRI,2008,0.48640883
Costa Rica,CRI,2009,0.5055479
Costa Rica,CRI,2010,0.48043102
Costa Rica,CRI,2011,0.4875928
Costa Rica,CRI,2012,0.4841734
Costa Rica,CRI,2013,0.49151823
Costa Rica,CRI,2014,0.4863214
Costa Rica,CRI,2015,0.48374
Costa Rica,CRI,2016,0.48704153
Costa Rica,CRI,2017,0.4834524
Costa Rica,CRI,2018,0.47970015
Costa Rica,CRI,2019,0.4818988
Costa Rica,CRI,2020,0.4924514
Costa Rica,CRI,2021,0.48678052
Costa Rica,CRI,2022,0.47151324
Costa Rica,CRI,2023,0.46729344
Cote d'Ivoire,CIV,1985,0.45521352
Cote d'Ivoire,CIV,1986,0.37969762
Cote d'Ivoire,CIV,1987,0.4050912
Cote d'Ivoire,CIV,1988,0.36886287
Cote d'Ivoire,CIV,1992,0.393822
Cote d'Ivoire,CIV,1995,0.40563822
Cote d'Ivoire,CIV,1998,0.38957423
Cote d'Ivoire,CIV,2008,0.43179876
Cote d'Ivoire,CIV,2015,0.41468868
Cote d'Ivoire,CIV,2018,0.37168875
Cote d'Ivoire,CIV,2021,0.35275364
Croatia,HRV,1988,0.22780727
Croatia,HRV,2009,0.3255369
Croatia,HRV,2010,0.32373103
Croatia,HRV,2011,0.32254267
Croatia,HRV,2012,0.324717
Croatia,HRV,2013,0.3199227
Croatia,HRV,2014,0.32102978
Croatia,HRV,2015,0.31113166
Croatia,HRV,2016,0.30897906
Croatia,HRV,2017,0.30352312
Croatia,HRV,2018,0.29728642
Croatia,HRV,2019,0.28908294
Croatia,HRV,2020,0.29543322
Croatia,HRV,2021,0.28895962
Cyprus,CYP,2004,0.30089056
Cyprus,CYP,2005,0.30259413
Cyprus,CYP,2006,0.31125963
Cyprus,CYP,2007,0.31113273
Cyprus,CYP,2008,0.31708607
Cyprus,CYP,2009,0.32108265
Cyprus,CYP,2010,0.3145779
Cyprus,CYP,2011,0.326255
Cyprus,CYP,2012,0.34312433
Cyprus,CYP,2013,0.37041834
Cyprus,CYP,2014,0.35565287
Cyprus,CYP,2015,0.33966377
Cyprus,CYP,2016,0.32891682
Cyprus,CYP,2017,0.31416234
Cyprus,CYP,2018,0.32739753
Cyprus,CYP,2019,0.3122325
Cyprus,CYP,2020,0.31727943
Cyprus,CYP,2021,0.3125177
Czechia,CZE,1992,0.20703283
Czechia,CZE,1993,0.2655349
Czechia,CZE,1996,0.2579901
Czechia,CZE,2002,0.26555094
Czechia,CZE,2004,0.2753318
Czechia,CZE,2005,0.26946017
Czechia,CZE,2006,0.26744118
Czechia,CZE,2007,0.25998646
Czechia,CZE,2008,0.26280212
Czechia,CZE,2009,0.26156676
Czechia,CZE,2010,0.26623514
Czechia,CZE,2011,0.26381272
Czechia,CZE,2012,0.26109937
Czechia,CZE,2013,0.26473904
Czechia,CZE,2014,0.25923222
Czechia,CZE,2015,0.25867426
Czechia,CZE,2016,0.25406334
Czechia,CZE,2017,0.2485221
Czechia,CZE,2018,0.24990341
Czechia,CZE,2019,0.25262198
Czechia,CZE,2020,0.26245132
Czechia,CZE,2021,0.26202103
Democratic Republic of Congo,COD,2004,0.41642156
Democratic Republic of Congo,COD,2012,0.42075598
Democratic Republic of Congo,COD,2020,0.44674513
Denmark,DNK,1987,0.26232305
Denmark,DNK,1992,0.2469101
Denmark,DNK,1995,0.22955896
Denmark,DNK,2000,0.2376632
Denmark,DNK,2003,0.2563103
Denmark,DNK,2004,0.24911784
Denmark,DNK,2005,0.2518638
Denmark,DNK,2006,0.25913078
Denmark,DNK,2007,0.26184258
Denmark,DNK,2008,0.2524627
Denmark,DNK,2009,0.26701188
Denmark,DNK,2010,0.2719856
Denmark,DNK,2011,0.27311745
Denmark,DNK,2012,0.2779075
Denmark,DNK,2013,0.28542534
Denmark,DNK,2014,0.2835288
Denmark,DNK,2015,0.28177238
Denmark,DNK,2016,0.28187442
Denmark,DNK,2017,0.28746662
Denmark,DNK,2018,0.2816572
Denmark,DNK,2019,0.27723306
Denmark,DNK,2020,0.27503932
Denmark,DNK,2021,0.28323486
Djibouti,DJI,2002,0.39997312
Djibouti,DJI,2012,0.45104358
Djibouti,DJI,2013,0.44117805
Djibouti,DJI,2017,0.41585726
Dominican Republic,DOM,1986,0.47780794
Dominican Republic,DOM,1989,0.5044813
Dominican Republic,DOM,1992,0.5105286
Dominican Republic,DOM,1996,0.47418755
Dominican Republic,DOM,1997,0.48901546
Dominican Republic,DOM,2000,0.5151364
Dominican Republic,DOM,2001,0.49998924
Dominican Republic,DOM,2002,0.49671522
Dominican Republic,DOM,2003,0.5211965
Dominican Republic,DOM,2004,0.52049935
Dominican Republic,DOM,2005,0.499648
Dominican Republic,DOM,2006,0.51961064
Dominican Republic,DOM,2007,0.48855126
Dominican Republic,DOM,2008,0.48107398
Dominican Republic,DOM,2009,0.48875645
Dominican Republic,DOM,2010,0.47325817
Dominican Republic,DOM,2011,0.47706884
Dominican Republic,DOM,2012,0.46133503
Dominican Republic,DOM,2013,0.47656393
Dominican Republic,DOM,2014,0.442794
Dominican Republic,DOM,2015,0.4518094
Dominican Republic,DOM,2016,0.45722562
Dominican Republic,DOM,2017,0.42192984
Dominican Republic,DOM,2018,0.436861
Dominican Republic,DOM,2019,0.41917086
Dominican Republic,DOM,2020,0.39628294
Dominican Republic,DOM,2021,0.38529298
Dominican Republic,DOM,2022,0.36979377
East Timor,TLS,2001,0.35935292
East Timor,TLS,2007,0.27823317
East Timor,TLS,2014,0.28652927
Ecuador,ECU,1994,0.5333033
Ecuador,ECU,1999,0.5857073
Ecuador,ECU,2000,0.5629919
Ecuador,ECU,2003,0.5351386
Ecuador,ECU,2004,0.53889215
Ecuador,ECU,2005,0.53049964
Ecuador,ECU,2006,0.5224719
Ecuador,ECU,2007,0.53354627
Ecuador,ECU,2008,0.49787596
Ecuador,ECU,2009,0.48498443
Ecuador,ECU,2010,0.48799783
Ecuador,ECU,2011,0.45871222
Ecuador,ECU,2012,0.46109366
Ecuador,ECU,2013,0.46862358
Ecuador,ECU,2014,0.4499254
Ecuador,ECU,2015,0.459508
Ecuador,ECU,2016,0.4501621
Ecuador,ECU,2017,0.44669914
Ecuador,ECU,2018,0.45437902
Ecuador,ECU,2019,0.45709932
Ecuador,ECU,2020,0.47309554
Ecuador,ECU,2021,0.45797464
Ecuador,ECU,2022,0.45465034
Ecuador,ECU,2023,0.44579506
Ecuador (urban),,1987,0.5048004
Ecuador (urban),,1995,0.50827104
Ecuador (urban),,1998,0.4960427
Egypt,EGY,1990,0.3200394
Egypt,EGY,1995,0.3008284
Egypt,EGY,1999,0.30834845
Egypt,EGY,2004,0.31847546
Egypt,EGY,2008,0.31102437
Egypt,EGY,2010,0.30191457
Egypt,EGY,2012,0.28292203
Egypt,EGY,2015,0.31823358
Egypt,EGY,2017,0.31533954
Egypt,EGY,2019,0.31893092
El Salvador,SLV,1989,0.48715472
El Salvador,SLV,1991,0.53793645
El Salvador,SLV,1995,0.49848166
El Salvador,SLV,1996,0.5095812
El Salvador,SLV,1998,0.54378504
El Salvador,SLV,1999,0.5208074
El Salvador,SLV,2000,0.5146378
El Salvador,SLV,2001,0.5134745
El Salvador,SLV,2002,0.518517
El Salvador,SLV,2003,0.5043636
El Salvador,SLV,2004,0.47799078
El Salvador,SLV,2005,0.48472306
El Salvador,SLV,2006,0.4568936
El Salvador,SLV,2007,0.45217508
El Salvador,SLV,2008,0.46885607
El Salvador,SLV,2009,0.4582485
El Salvador,SLV,2010,0.43513292
El Salvador,SLV,2011,0.4231799
El Salvador,SLV,2012,0.41828847
El Salvador,SLV,2013,0.43358666
El Salvador,SLV,2014,0.41559452
El Salvador,SLV,2015,0.4055182
El Salvador,SLV,2016,0.39978546
El Salvador,SLV,2017,0.38007155
El Salvador,SLV,2018,0.38610572
El Salvador,SLV,2019,0.38778764
El Salvador,SLV,2021,0.39010745
El Salvador,SLV,2022,0.38753173
Estonia,EST,1993,0.39427334
Estonia,EST,2003,0.37195182
Estonia,EST,2004,0.33559534
Estonia,EST,2005,0.3344686
Estonia,EST,2006,0.33667818
Estonia,EST,2007,0.31178468
Estonia,EST,2008,0.31915063
Estonia,EST,2009,0.3144271
Estonia,EST,2010,0.31999895
Estonia,EST,2011,0.3248852
Estonia,EST,2012,0.329136
Estonia,EST,2013,0.35075676
Estonia,EST,2014,0.3458795
Estonia,EST,2015,0.3266799
Estonia,EST,2016,0.3119477
Estonia,EST,2017,0.30354318
Estonia,EST,2018,0.3032016
Estonia,EST,2019,0.30765438
Estonia,EST,2020,0.30737108
Estonia,EST,2021,0.31834
Eswatini,SWZ,1994,0.5863356
Eswatini,SWZ,2000,0.5311352
Eswatini,SWZ,2009,0.5144115
Eswatini,SWZ,2016,0.54579794
Ethiopia,ETH,1995,0.44562823
Ethiopia,ETH,1999,0.29975793
Ethiopia,ETH,2004,0.29806852
Ethiopia,ETH,2010,0.33170602
Ethiopia,ETH,2015,0.34993124
Ethiopia (rural),,1981,0.30980363
Fiji,FJI,2002,0.38102055
Fiji,FJI,2008,0.40375587
Fiji,FJI,2013,0.36696598
Fiji,FJI,2019,0.30706868
Finland,FIN,1987,0.22171399
Finland,FIN,1991,0.22879761
Finland,FIN,1995,0.23459136
Finland,FIN,2000,0.27156627
Finland,FIN,2003,0.27686426
Finland,FIN,2004,0.27897653
Finland,FIN,2005,0.27619493
Finland,FIN,2006,0.27998725
Finland,FIN,2007,0.28285563
Finland,FIN,2008,0.27838135
Finland,FIN,2009,0.27455276
Finland,FIN,2010,0.2771396
Finland,FIN,2011,0.27642646
Finland,FIN,2012,0.27096376
Finland,FIN,2013,0.27193668
Finland,FIN,2014,0.26776803
Finland,FIN,2015,0.2710181
Finland,FIN,2016,0.27078423
Finland,FIN,2017,0.2738283
Finland,FIN,2018,0.27329567
Finland,FIN,2019,0.27737123
Finland,FIN,2020,0.27091044
Finland,FIN,2021,0.27708507
France,FRA,1970,0.37145555
France,FRA,1975,0.35918272
France,FRA,1979,0.34042618
France,FRA,1984,0.33398122
France,FRA,1990,0.32119063
France,FRA,1996,0.32016575
France,FRA,1997,0.3190015
France,FRA,1998,0.31657764
France,FRA,1999,0.32499772
France,FRA,2000,0.32553056
France,FRA,2001,0.3253329
France,FRA,2002,0.31778157
France,FRA,2003,0.31411052
France,FRA,2004,0.30647254
France,FRA,2005,0.29833862
France,FRA,2006,0.29691088
France,FRA,2007,0.32427707
France,FRA,2008,0.32996443
France,FRA,2009,0.3266122
France,FRA,2010,0.33720416
France,FRA,2011,0.3329475
France,FRA,2012,0.3311486
France,FRA,2013,0.32512552
France,FRA,2014,0.32262158
France,FRA,2015,0.32704228
France,FRA,2016,0.31923512
France,FRA,2017,0.3163205
France,FRA,2018,0.32380664
France,FRA,2019,0.31199563
France,FRA,2020,0.3066147
France,FRA,2021,0.31500953
Gabon,GAB,2005,0.42184988
Gabon,GAB,2017,0.38024372
Gambia,GMB,1998,0.48250192
Gambia,GMB,2003,0.47308534
Gambia,GMB,2010,0.43568197
Gambia,GMB,2015,0.35918832
Gambia,GMB,2020,0.38757205
Georgia,GEO,1996,0.37132707
Georgia,GEO,1997,0.40682536
Georgia,GEO,1998,0.4123018
Georgia,GEO,1999,0.40128374
Georgia,GEO,2000,0.4045976
Georgia,GEO,2001,0.39557204
Georgia,GEO,2002,0.3724613
Georgia,GEO,2003,0.36650413
Georgia,GEO,2004,0.3616882
Georgia,GEO,2005,0.37375313
Georgia,GEO,2006,0.36865547
Georgia,GEO,2007,0.38108635
Georgia,GEO,2008,0.38532716
Georgia,GEO,2009,0.38234815
Georgia,GEO,2010,0.394587
Georgia,GEO,2011,0.3959351
Georgia,GEO,2012,0.38953948
Georgia,GEO,2013,0.38588807
Georgia,GEO,2014,0.37554133
Georgia,GEO,2015,0.36503676
Georgia,GEO,2016,0.3663965
Georgia,GEO,2017,0.37939596
Georgia,GEO,2018,0.36411363
Georgia,GEO,2019,0.35900706
Georgia,GEO,2020,0.3446499
Georgia,GEO,2021,0.3417846
Georgia,GEO,2022,0.3350009
Germany,DEU,1991,0.29492873
Germany,DEU,1992,0.2907326
Germany,DEU,1993,0.28612086
Germany,DEU,1994,0.29159415
Germany,DEU,1995,0.28811273
Germany,DEU,1996,0.27993777
Germany,DEU,1997,0.28246725
Germany,DEU,1998,0.2827037
Germany,DEU,1999,0.29047978
Germany,DEU,2000,0.2888814
Germany,DEU,2001,0.29949388
Germany,DEU,2002,0.29810533
Germany,DEU,2003,0.2980293
Germany,DEU,2004,0.30192587
Germany,DEU,2005,0.31704092
Germany,DEU,2006,0.3104196
Germany,DEU,2007,0.3117709
Germany,DEU,2008,0.30800265
Germany,DEU,2009,0.30479428
Germany,DEU,2010,0.30218413
Germany,DEU,2011,0.30610505
Germany,DEU,2012,0.3105579
Germany,DEU,2013,0.31453598
Germany,DEU,2014,0.30847794
Germany,DEU,2015,0.31653914
Germany,DEU,2016,0.3141309
Germany,DEU,2017,0.31314865
Germany,DEU,2018,0.31872115
Germany,DEU,2019,0.31780925
Germany,DEU,2020,0.3243345
Ghana,GHA,1987,0.35349578
Ghana,GHA,1988,0.3599354
Ghana,GHA,1991,0.38434562
Ghana,GHA,1998,0.4007123
Ghana,GHA,2005,0.42760354
Ghana,GHA,2012,0.42372206
Ghana,GHA,2016,0.43512443
Greece,GRC,1995,0.3696663
Greece,GRC,2000,0.34236935
Greece,GRC,2003,0.32759297
Greece,GRC,2004,0.33588123
Greece,GRC,2005,0.34596738
Greece,GRC,2006,0.35121885
Greece,GRC,2007,0.33950907
Greece,GRC,2008,0.33587772
Greece,GRC,2009,0.33615103
Greece,GRC,2010,0.3409893
Greece,GRC,2011,0.3484217
Greece,GRC,2012,0.362504
Greece,GRC,2013,0.36127293
Greece,GRC,2014,0.35804707
Greece,GRC,2015,0.35996962
Greece,GRC,2016,0.34956136
Greece,GRC,2017,0.34350377
Greece,GRC,2018,0.32890075
Greece,GRC,2019,0.33101925
Greece,GRC,2020,0.33558196
Greece,GRC,2021,0.32939574
Grenada,GRD,2018,0.4381641
Guatemala,GTM,1986,0.5413272
Guatemala,GTM,1989,0.5879788
Guatemala,GTM,1998,0.493976
Guatemala,GTM,2000,0.54173213
Guatemala,GTM,2006,0.54568464
Guatemala,GTM,2014,0.4827621
Guinea,GIN,1991,0.4446398
Guinea,GIN,1994,0.46081552
Guinea,GIN,2002,0.43000692
Guinea,GIN,2007,0.39355347
Guinea,GIN,2012,0.33729705
Guinea,GIN,2018,0.29591954
Guinea-Bissau,GNB,1991,0.557557
Guinea-Bissau,GNB,1993,0.43609467
Guinea-Bissau,GNB,2002,0.3556889
Guinea-Bissau,GNB,2010,0.50604075
Guinea-Bissau,GNB,2018,0.34765232
Guinea-Bissau,GNB,2021,0.33435068
Guyana,GUY,1992,0.3946759
Guyana,GUY,1998,0.45039394
Haiti,HTI,2001,0.5898769
Haiti,HTI,2012,0.6044839
Honduras,HND,1989,0.5536728
Honduras,HND,1990,0.5592856
Honduras,HND,1991,0.5182139
Honduras,HND,1992,0.51805204
Honduras,HND,1993,0.5344585
Honduras,HND,1994,0.54992497
Honduras,HND,1995,0.554708
Honduras,HND,1996,0.5569839
Honduras,HND,1997,0.5272781
Honduras,HND,1998,0.5729382
Honduras,HND,1999,0.55219996
Honduras,HND,2001,0.5535215
Honduras,HND,2002,0.5571017
Honduras,HND,2003,0.580804
Honduras,HND,2004,0.58094627
Honduras,HND,2005,0.5947935
Honduras,HND,2006,0.57526565
Honduras,HND,2007,0.5581602
Honduras,HND,2008,0.55489975
Honduras,HND,2009,0.5128177
Honduras,HND,2010,0.53085744
Honduras,HND,2011,0.5255424
Honduras,HND,2012,0.53365433
Honduras,HND,2013,0.49958706
Honduras,HND,2014,0.4987544
Honduras,HND,2015,0.4924883
Honduras,HND,2016,0.49810323
Honduras,HND,2017,0.49441433
Honduras,HND,2018,0.48936284
Honduras,HND,2019,0.48162824
Honduras (urban),,1986,0.5509298
Hungary,HUN,1987,0.20883092
Hungary,HUN,1989,0.2504778
Hungary,HUN,1991,0.29623857
Hungary,HUN,1993,0.27938303
Hungary,HUN,1994,0.33285955
Hungary,HUN,1999,0.30219844
Hungary,HUN,2004,0.29864362
Hungary,HUN,2005,0.34721088
Hungary,HUN,2006,0.28296095
Hungary,HUN,2007,0.2788186
Hungary,HUN,2008,0.27514026
Hungary,HUN,2009,0.2695929
Hungary,HUN,2010,0.2944413
Hungary,HUN,2011,0.29157948
Hungary,HUN,2012,0.3080265
Hungary,HUN,2013,0.31504104
Hungary,HUN,2014,0.3091348
Hungary,HUN,2015,0.30407295
Hungary,HUN,2016,0.30324444
Hungary,HUN,2017,0.30582693
Hungary,HUN,2018,0.2961145
Hungary,HUN,2019,0.29950473
Hungary,HUN,2020,0.29711774
Hungary,HUN,2021,0.2917205
Iceland,ISL,2003,0.26836038
Iceland,ISL,2004,0.27981848
Iceland,ISL,2005,0.29002446
Iceland,ISL,2006,0.30245006
Iceland,ISL,2007,0.29470885
Iceland,ISL,2008,0.3178928
Iceland,ISL,2009,0.2865624
Iceland,ISL,2010,0.26171294
Iceland,ISL,2011,0.26830265
Iceland,ISL,2012,0.26769423
Iceland,ISL,2013,0.25402915
Iceland,ISL,2014,0.27800417
Iceland,ISL,2015,0.26787972
Iceland,ISL,2016,0.27241105
Iceland,ISL,2017,0.2613158
India,IND,1977,0.3321363
India,IND,1983,0.32008487
India,IND,1987,0.32458475
India,IND,1993,0.31555128
India,IND,2004,0.340089
India,IND,2009,0.34889016
India,IND,2011,0.3539906
India,IND,2015,0.3468829
India,IND,2016,0.34746763
India,IND,2017,0.3590051
India,IND,2018,0.34550628
India,IND,2019,0.33812764
India,IND,2020,0.33778515
India,IND,2021,0.3277978
India (rural),,1977,0.30961025
India (rural),,1983,0.3005934
India (rural),,1987,0.30117032
India (rural),,1993,0.28584594
India (rural),,2004,0.30452737
India (rural),,2009,0.29950196
India (rural),,2011,0.31127518
India (rural),,2015,0.31263804
India (rural),,2016,0.3101153
India (rural),,2017,0.31273174
India (rural),,2018,0.31053287
India (rural),,2019,0.31054986
India (rural),,2020,0.3124293
India (rural),,2021,0.29604727
India (urban),,1977,0.3574154
India (urban),,1983,0.33326873
India (urban),,1987,0.35569304
India (urban),,1993,0.34381935
India (urban),,2004,0.37634635
India (urban),,2009,0.39347965
India (urban),,2011,0.3901441
India (urban),,2015,0.37879857
India (urban),,2016,0.38292566
India (urban),,2017,0.39578882
India (urban),,2018,0.36215815
India (urban),,2019,0.3628346
India (urban),,2020,0.36235926
India (urban),,2021,0.35517648
Indonesia,IDN,1984,0.32302415
Indonesia,IDN,1987,0.30412093
Indonesia,IDN,1990,0.31069273
Indonesia,IDN,1993,0.31755003
Indonesia,IDN,1996,0.3421382
Indonesia,IDN,1998,0.30853918
Indonesia,IDN,1999,0.30788496
Indonesia,IDN,2000,0.30306277
Indonesia,IDN,2001,0.31165913
Indonesia,IDN,2002,0.30163765
Indonesia,IDN,2003,0.29323187
Indonesia,IDN,2004,0.30416507
Indonesia,IDN,2005,0.2990362
Indonesia,IDN,2006,0.31524122
Indonesia,IDN,2007,0.33231717
Indonesia,IDN,2008,0.3263291
Indonesia,IDN,2009,0.33432707
Indonesia,IDN,2010,0.3458631
Indonesia,IDN,2011,0.37925914
Indonesia,IDN,2012,0.3714888
Indonesia,IDN,2013,0.38926852
Indonesia,IDN,2014,0.3877997
Indonesia,IDN,2015,0.38207534
Indonesia,IDN,2016,0.368857
Indonesia,IDN,2017,0.3636789
Indonesia,IDN,2018,0.36338645
Indonesia,IDN,2019,0.35359862
Indonesia,IDN,2020,0.35335615
Indonesia,IDN,2021,0.35504764
Indonesia,IDN,2022,0.3551203
Indonesia,IDN,2023,0.3605703
Iran,IRN,1986,0.4741963
Iran,IRN,1990,0.43604776
Iran,IRN,1994,0.42998368
Iran,IRN,1998,0.4409564
Iran,IRN,2005,0.43558642
Iran,IRN,2006,0.44752038
Iran,IRN,2009,0.42050025
Iran,IRN,2011,0.34661996
Iran,IRN,2012,0.3442554
Iran,IRN,2013,0.3396952
Iran,IRN,2014,0.34814033
Iran,IRN,2015,0.35264048
Iran,IRN,2016,0.35912308
Iran,IRN,2017,0.36693677
Iran,IRN,2018,0.37419906
Iran,IRN,2019,0.36482257
Iran,IRN,2020,0.3584295
Iran,IRN,2021,0.3546873
Iran,IRN,2022,0.34803438
Iraq,IRQ,2006,0.28600612
Iraq,IRQ,2012,0.29541856
Ireland,IRL,1987,0.35466203
Ireland,IRL,1994,0.36914206
Ireland,IRL,1995,0.3704509
Ireland,IRL,1996,0.35622135
Ireland,IRL,2000,0.33005205
Ireland,IRL,2002,0.32290256
Ireland,IRL,2003,0.32887438
Ireland,IRL,2004,0.33609548
Ireland,IRL,2005,0.33753955
Ireland,IRL,2006,0.327276
Ireland,IRL,2007,0.31946594
Ireland,IRL,2008,0.3090567
Ireland,IRL,2009,0.32680362
Ireland,IRL,2010,0.32295024
Ireland,IRL,2011,0.32872406
Ireland,IRL,2012,0.33220077
Ireland,IRL,2013,0.3348598
Ireland,IRL,2014,0.31874627
Ireland,IRL,2015,0.31820488
Ireland,IRL,2016,0.32807183
Ireland,IRL,2017,0.31358823
Ireland,IRL,2018,0.30602926
Ireland,IRL,2019,0.308315
Ireland,IRL,2020,0.292282
Ireland,IRL,2021,0.30119276
Israel,ISR,1979,0.36329976
Israel,ISR,1986,0.3649054
Israel,ISR,1992,0.35507256
Israel,ISR,1997,0.38097107
Israel,ISR,2001,0.38947663
Israel,ISR,2002,0.39559424
Israel,ISR,2003,0.4072257
Israel,ISR,2004,0.414563
Israel,ISR,2005,0.42267624
Israel,ISR,2006,0.4155532
Israel,ISR,2007,0.41098633
Israel,ISR,2008,0.4164268
Israel,ISR,2009,0.4263395
Israel,ISR,2010,0.42559466
Israel,ISR,2011,0.41444165
Israel,ISR,2012,0.41302204
Israel,ISR,2013,0.39870527
Israel,ISR,2014,0.3975749
Israel,ISR,2015,0.3971953
Israel,ISR,2016,0.39013016
Israel,ISR,2017,0.38202065
Israel,ISR,2018,0.38577175
Israel,ISR,2019,0.3828222
Israel,ISR,2020,0.37773558
Israel,ISR,2021,0.3789385
Italy,ITA,1977,0.34006613
Italy,ITA,1978,0.33277234
Italy,ITA,1979,0.3326154
Italy,ITA,1980,0.32899266
Italy,ITA,1981,0.3157181
Italy,ITA,1982,0.2923156
Italy,ITA,1983,0.29767215
Italy,ITA,1984,0.31334364
Italy,ITA,1986,0.31162822
Italy,ITA,1987,0.3417943
Italy,ITA,1989,0.3210614
Italy,ITA,1991,0.31049928
Italy,ITA,1993,0.35086337
Italy,ITA,1995,0.3521082
Italy,ITA,1998,0.36652306
Italy,ITA,2000,0.35244772
Italy,ITA,2002,0.34695667
Italy,ITA,2003,0.349287
Italy,ITA,2004,0.3429304
Italy,ITA,2005,0.33830953
Italy,ITA,2006,0.3369475
Italy,ITA,2007,0.32888263
Italy,ITA,2008,0.3376773
Italy,ITA,2009,0.3383298
Italy,ITA,2010,0.3471675
Italy,ITA,2011,0.35052994
Italy,ITA,2012,0.3515148
Italy,ITA,2013,0.3490567
Italy,ITA,2014,0.34652385
Italy,ITA,2015,0.35390034
Italy,ITA,2016,0.35239598
Italy,ITA,2017,0.35922197
Italy,ITA,2018,0.35217315
Italy,ITA,2019,0.34583586
Italy,ITA,2020,0.352409
Italy,ITA,2021,0.3484458
Jamaica,JAM,1988,0.4315501
Jamaica,JAM,1990,0.41113734
Jamaica,JAM,1993,0.35673422
Jamaica,JAM,1996,0.40394902
Jamaica,JAM,1999,0.4407876
Jamaica,JAM,2002,0.4831574
Jamaica,JAM,2004,0.45457473
Jamaica,JAM,2018,0.3563868
Jamaica,JAM,2021,0.4021027
Japan,JPN,2008,0.34842315
Japan,JPN,2010,0.3210032
Japan,JPN,2013,0.3285473
Jordan,JOR,1986,0.3606143
Jordan,JOR,1992,0.43099582
Jordan,JOR,1997,0.36420527
Jordan,JOR,2002,0.36954618
Jordan,JOR,2006,0.33856255
Jordan,JOR,2008,0.3257345
Jordan,JOR,2010,0.3365573
Kazakhstan,KAZ,1993,0.32665735
Kazakhstan,KAZ,1996,0.35378307
Kazakhstan,KAZ,2001,0.3596447
Kazakhstan,KAZ,2002,0.34811127
Kazakhstan,KAZ,2003,0.33691478
Kazakhstan,KAZ,2004,0.3183876
Kazakhstan,KAZ,2005,0.39825976
Kazakhstan,KAZ,2006,0.30243865
Kazakhstan,KAZ,2007,0.30084056
Kazakhstan,KAZ,2008,0.28496444
Kazakhstan,KAZ,2009,0.28208867
Kazakhstan,KAZ,2010,0.27954513
Kazakhstan,KAZ,2011,0.27983844
Kazakhstan,KAZ,2012,0.2816882
Kazakhstan,KAZ,2013,0.2706543
Kazakhstan,KAZ,2014,0.2701586
Kazakhstan,KAZ,2015,0.26803666
Kazakhstan,KAZ,2016,0.27225325
Kazakhstan,KAZ,2017,0.27450275
Kazakhstan,KAZ,2018,0.27792874
Kazakhstan,KAZ,2019,0.27968282
Kazakhstan,KAZ,2020,0.2868392
Kazakhstan,KAZ,2021,0.29191533
Kenya,KEN,1992,0.56925327
Kenya,KEN,1994,0.43103355
Kenya,KEN,1997,0.44982657
Kenya,KEN,2005,0.46440154
Kenya,KEN,2015,0.4077446
Kenya,KEN,2020,0.36246458
Kenya,KEN,2021,0.3870143
Kiribati,KIR,2006,0.36973003
Kiribati,KIR,2019,0.27832702
Kosovo,OWID_KOS,2003,0.28953856
Kosovo,OWID_KOS,2005,0.3123823
Kosovo,OWID_KOS,2006,0.30321634
Kosovo,OWID_KOS,2009,0.31781715
Kosovo,OWID_KOS,2010,0.33254302
Kosovo,OWID_KOS,2011,0.27831748
Kosovo,OWID_KOS,2012,0.28972268
Kosovo,OWID_KOS,2013,0.2630659
Kosovo,OWID_KOS,2014,0.2727017
Kosovo,OWID_KOS,2015,0.26454154
Kosovo,OWID_KOS,2016,0.26721144
Kosovo,OWID_KOS,2017,0.29012942
Kyrgyzstan,KGZ,2000,0.31035012
Kyrgyzstan,KGZ,2001,0.3016398
Kyrgyzstan,KGZ,2002,0.30302387
Kyrgyzstan,KGZ,2003,0.28708646
Kyrgyzstan,KGZ,2004,0.3477343
Kyrgyzstan,KGZ,2005,0.32561377
Kyrgyzstan,KGZ,2006,0.3738124
Kyrgyzstan,KGZ,2007,0.3391182
Kyrgyzstan,KGZ,2008,0.3145067
Kyrgyzstan,KGZ,2009,0.29874134
Kyrgyzstan,KGZ,2010,0.30133882
Kyrgyzstan,KGZ,2011,0.27839768
Kyrgyzstan,KGZ,2012,0.27356887
Kyrgyzstan,KGZ,2013,0.2881479
Kyrgyzstan,KGZ,2014,0.26819003
Kyrgyzstan,KGZ,2015,0.2899781
Kyrgyzstan,KGZ,2016,0.26780704
Kyrgyzstan,KGZ,2017,0.2733501
Kyrgyzstan,KGZ,2018,0.27690327
Kyrgyzstan,KGZ,2019,0.2970068
Kyrgyzstan,KGZ,2020,0.28989273
Kyrgyzstan,KGZ,2021,0.2879339
Kyrgyzstan,KGZ,2022,0.26352528
Laos,LAO,1992,0.34309775
Laos,LAO,1997,0.34894043
Laos,LAO,2002,0.32620108
Laos,LAO,2007,0.35361034
Laos,LAO,2012,0.35963547
Laos,LAO,2018,0.38802433
Latvia,LVA,1993,0.26993132
Latvia,LVA,1995,0.30977485
Latvia,LVA,1996,0.31590763
Latvia,LVA,2004,0.36382675
Latvia,LVA,2005,0.38973203
Latvia,LVA,2006,0.35597068
Latvia,LVA,2007,0.37461132
Latvia,LVA,2008,0.37211615
Latvia,LVA,2009,0.35945752
Latvia,LVA,2010,0.35030317
Latvia,LVA,2011,0.3577261
Latvia,LVA,2012,0.35236055
Latvia,LVA,2013,0.3549739
Latvia,LVA,2014,0.3511365
Latvia,LVA,2015,0.342025
Latvia,LVA,2016,0.34328857
Latvia,LVA,2017,0.35571036
Latvia,LVA,2018,0.35095716
Latvia,LVA,2019,0.34489113
Latvia,LVA,2020,0.35703966
Latvia,LVA,2021,0.3425585
Lebanon,LBN,2011,0.3183245
Lesotho,LSO,1986,0.56013536
Lesotho,LSO,1994,0.63020104
Lesotho,LSO,2002,0.51206875
Lesotho,LSO,2017,0.44877714
Liberia,LBR,2007,0.3643565
Liberia,LBR,2014,0.33237883
Liberia,LBR,2016,0.35265347
Lithuania,LTU,1993,0.33183792
Lithuania,LTU,2004,0.37011144
Lithuania,LTU,2005,0.35296747
Lithuania,LTU,2006,0.34414476
Lithuania,LTU,2007,0.34789148
Lithuania,LTU,2008,0.35727036
Lithuania,LTU,2009,0.372185
Lithuania,LTU,2010,0.33608764
Lithuania,LTU,2011,0.3248645
Lithuania,LTU,2012,0.35092333
Lithuania,LTU,2013,0.35307336
Lithuania,LTU,2014,0.37675053
Lithuania,LTU,2015,0.3737032
Lithuania,LTU,2016,0.38385862
Lithuania,LTU,2017,0.3728361
Lithuania,LTU,2018,0.35705343
Lithuania,LTU,2019,0.35251358
Lithuania,LTU,2020,0.35956645
Lithuania,LTU,2021,0.36656412
Luxembourg,LUX,1985,0.26294357
Luxembourg,LUX,1986,0.28112763
Luxembourg,LUX,1987,0.2954707
Luxembourg,LUX,1988,0.28827298
Luxembourg,LUX,1989,0.30814338
Luxembourg,LUX,1990,0.2770192
Luxembourg,LUX,1991,0.2717853
Luxembourg,LUX,1992,0.27309504
Luxembourg,LUX,1993,0.27047905
Luxembourg,LUX,1994,0.28147867
Luxembourg,LUX,1995,0.28301048
Luxembourg,LUX,1996,0.29043368
Luxembourg,LUX,1997,0.2957325
Luxembourg,LUX,1998,0.30605367
Luxembourg,LUX,1999,0.30041057
Luxembourg,LUX,2000,0.30102962
Luxembourg,LUX,2001,0.30926323
Luxembourg,LUX,2002,0.3098299
Luxembourg,LUX,2003,0.30187473
Luxembourg,LUX,2004,0.30172697
Luxembourg,LUX,2005,0.30840808
Luxembourg,LUX,2006,0.3094812
Luxembourg,LUX,2007,0.31133747
Luxembourg,LUX,2008,0.32561544
Luxembourg,LUX,2009,0.31196916
Luxembourg,LUX,2010,0.3050438
Luxembourg,LUX,2011,0.3205409
Luxembourg,LUX,2012,0.3434715
Luxembourg,LUX,2013,0.32035962
Luxembourg,LUX,2014,0.31158078
Luxembourg,LUX,2015,0.32921496
Luxembourg,LUX,2016,0.31727898
Luxembourg,LUX,2017,0.34515306
Luxembourg,LUX,2018,0.35367873
Luxembourg,LUX,2019,0.34241158
Luxembourg,LUX,2020,0.3337364
Luxembourg,LUX,2021,0.3273477
Madagascar,MDG,1980,0.46848634
Madagascar,MDG,1993,0.45207667
Madagascar,MDG,1997,0.3943274
Madagascar,MDG,1999,0.38583288
Madagascar,MDG,2001,0.4741719
Madagascar,MDG,2005,0.39928237
Madagascar,MDG,2010,0.4238018
Madagascar,MDG,2012,0.42551258
Malawi,MWI,1997,0.6575494
Malawi,MWI,2004,0.3987172
Malawi,MWI,2010,0.45470712
Malawi,MWI,2016,0.44694027
Malawi,MWI,2019,0.38542363
Malaysia,MYS,1984,0.48496294
Malaysia,MYS,1987,0.47041824
Malaysia,MYS,1989,0.46168482
Malaysia,MYS,1992,0.47653723
Malaysia,MYS,1995,0.48522663
Malaysia,MYS,1997,0.49149647
Malaysia,MYS,2003,0.4641619
Malaysia,MYS,2006,0.4475235
Malaysia,MYS,2008,0.45479712
Malaysia,MYS,2011,0.43943596
Malaysia,MYS,2013,0.41348827
Malaysia,MYS,2015,0.410664
Malaysia,MYS,2018,0.41176775
Malaysia,MYS,2021,0.40668428
Maldives,MDV,2002,0.41312027
Maldives,MDV,2009,0.38372764
Maldives,MDV,2016,0.31285647
Maldives,MDV,2019,0.2928509
Mali,MLI,1994,0.50157577
Mali,MLI,2001,0.3986669
Mali,MLI,2006,0.3892922
Mali,MLI,2009,0.3303452
Mali,MLI,2018,0.3596336
Mali,MLI,2021,0.35653594
Malta,MLT,2006,0.28019977
Malta,MLT,2007,0.29207736
Malta,MLT,2008,0.28995508
Malta,MLT,2009,0.30244455
Malta,MLT,2010,0.29025772
Malta,MLT,2011,0.2914213
Malta,MLT,2012,0.29360434
Malta,MLT,2013,0.28843665
Malta,MLT,2014,0.29020345
Malta,MLT,2015,0.29433772
Malta,MLT,2016,0.29089025
Malta,MLT,2017,0.2923224
Malta,MLT,2018,0.28665087
Malta,MLT,2019,0.31041777
Malta,MLT,2020,0.3140378
Marshall Islands,MHL,2019,0.35482943
Mauritania,MRT,1987,0.4393751
Mauritania,MRT,1993,0.49523884
Mauritania,MRT,1995,0.37747362
Mauritania,MRT,2000,0.39028475
Mauritania,MRT,2004,0.40168753
Mauritania,MRT,2008,0.35685378
Mauritania,MRT,2014,0.3261935
Mauritania,MRT,2019,0.31996742
Mauritius,MUS,2006,0.3565342
Mauritius,MUS,2012,0.384654
Mauritius,MUS,2017,0.36761206
Mexico,MEX,1984,0.4852701
Mexico,MEX,1989,0.5010927
Mexico,MEX,1992,0.52310747
Mexico,MEX,1994,0.5342225
Mexico,MEX,1996,0.51971495
Mexico,MEX,1998,0.532833
Mexico,MEX,2000,0.53417677
Mexico,MEX,2002,0.50582963
Mexico,MEX,2004,0.50343114
Mexico,MEX,2005,0.509391
Mexico,MEX,2006,0.49712282
Mexico,MEX,2008,0.50843656
Mexico,MEX,2010,0.47658002
Mexico,MEX,2012,0.49597254
Mexico,MEX,2014,0.48912397
Mexico,MEX,2016,0.4691244
Mexico,MEX,2018,0.4595491
Mexico,MEX,2020,0.44594344
Mexico,MEX,2022,0.4345403
Micronesia (country),FSM,2005,0.423558
Micronesia (country),FSM,2013,0.4005239
Micronesia (country) (urban),,2000,0.63084173
Moldova,MDA,1997,0.3694212
Moldova,MDA,1998,0.39518264
Moldova,MDA,1999,0.42623976
Moldova,MDA,2000,0.36424187
Moldova,MDA,2001,0.37987787
Moldova,MDA,2002,0.3584591
Moldova,MDA,2003,0.34902084
Moldova,MDA,2004,0.35029566
Moldova,MDA,2005,0.36280838
Moldova,MDA,2006,0.35399717
Moldova,MDA,2007,0.34421042
Moldova,MDA,2008,0.34692442
Moldova,MDA,2009,0.32910907
Moldova,MDA,2010,0.3205092
Moldova,MDA,2011,0.30628577
Moldova,MDA,2012,0.2915884
Moldova,MDA,2013,0.2853416
Moldova,MDA,2014,0.26833853
Moldova,MDA,2015,0.27028158
Moldova,MDA,2016,0.26345387
Moldova,MDA,2017,0.25899243
Moldova,MDA,2018,0.25661647
Moldova,MDA,2019,0.26016647
Moldova,MDA,2021,0.25731638
Mongolia,MNG,1995,0.3319534
Mongolia,MNG,1998,0.30271962
Mongolia,MNG,2002,0.32892948
Mongolia,MNG,2007,0.3582187
Mongolia,MNG,2010,0.33081213
Mongolia,MNG,2011,0.33883506
Mongolia,MNG,2012,0.33751616
Mongolia,MNG,2014,0.3203779
Mongolia,MNG,2016,0.32345733
Mongolia,MNG,2018,0.3274099
Mongolia,MNG,2022,0.31416476
Montenegro,MNE,2012,0.4120649
Montenegro,MNE,2013,0.39021727
Montenegro,MNE,2014,0.38769355
Montenegro,MNE,2015,0.39005032
Montenegro,MNE,2016,0.38467047
Montenegro,MNE,2017,0.36881563
Montenegro,MNE,2018,0.36809078
Montenegro,MNE,2019,0.35665408
Montenegro,MNE,2020,0.35412416
Montenegro,MNE,2021,0.34297183
Morocco,MAR,1984,0.36468908
Morocco,MAR,1990,0.39206904
Morocco,MAR,1998,0.39353913
Morocco,MAR,2000,0.40636948
Morocco,MAR,2006,0.40718302
Morocco,MAR,2013,0.39548507
Mozambique,MOZ,1996,0.53288776
Mozambique,MOZ,2002,0.4695471
Mozambique,MOZ,2008,0.45489126
Mozambique,MOZ,2014,0.53956276
Mozambique,MOZ,2019,0.50274074
Myanmar,MMR,2015,0.3806851
Myanmar,MMR,2017,0.3069687
Namibia,NAM,1993,0.7105055
Namibia,NAM,2003,0.6331717
Namibia,NAM,2009,0.6096475
Namibia,NAM,2015,0.5906661
Nauru,NRU,2012,0.3236158
Nepal,NPL,1984,0.3005754
Nepal,NPL,1995,0.35207018
Nepal,NPL,2003,0.43768105
Nepal,NPL,2010,0.32840586
Nepal,NPL,2022,0.30020264
Netherlands,NLD,1983,0.28364104
Netherlands,NLD,1987,0.26769555
Netherlands,NLD,1990,0.31086653
Netherlands,NLD,1993,0.3043144
Netherlands,NLD,1999,0.28063396
Netherlands,NLD,2004,0.29800007
Netherlands,NLD,2005,0.2904823
Netherlands,NLD,2006,0.30043328
Netherlands,NLD,2007,0.2959278
Netherlands,NLD,2008,0.29298013
Netherlands,NLD,2009,0.27881998
Netherlands,NLD,2010,0.2784524
Netherlands,NLD,2011,0.27750087
Netherlands,NLD,2012,0.2762093
Netherlands,NLD,2013,0.2810648
Netherlands,NLD,2014,0.2863142
Netherlands,NLD,2015,0.2824158
Netherlands,NLD,2016,0.2817357
Netherlands,NLD,2017,0.28535804
Netherlands,NLD,2018,0.28121036
Netherlands,NLD,2019,0.29248324
Netherlands,NLD,2020,0.2599421
Netherlands,NLD,2021,0.2574387
Nicaragua,NIC,1993,0.5712674
Nicaragua,NIC,1998,0.5437746
Nicaragua,NIC,2001,0.5287496
Nicaragua,NIC,2005,0.48820096
Nicaragua,NIC,2009,0.43941638
Nicaragua,NIC,2014,0.46156293
Niger,NER,1992,0.3604249
Niger,NER,1994,0.4141697
Niger,NER,2005,0.44369024
Niger,NER,2007,0.3730385
Niger,NER,2011,0.31451714
Niger,NER,2014,0.34276575
Niger,NER,2018,0.37259424
Niger,NER,2021,0.32862565
Nigeria,NGA,1985,0.3867785
Nigeria,NGA,1992,0.44885525
Nigeria,NGA,1996,0.51879764
Nigeria,NGA,2003,0.40058756
Nigeria,NGA,2010,0.3565021
Nigeria,NGA,2012,0.35513008
Nigeria,NGA,2015,0.35879776
Nigeria,NGA,2018,0.35127744
North Macedonia,MKD,2009,0.42760608
North Macedonia,MKD,2010,0.40062812
North Macedonia,MKD,2011,0.39360264
North Macedonia,MKD,2012,0.38132146
North Macedonia,MKD,2013,0.36238977
North Macedonia,MKD,2014,0.35201505
North Macedonia,MKD,2015,0.35590458
North Macedonia,MKD,2016,0.3453449
North Macedonia,MKD,2017,0.34198847
North Macedonia,MKD,2018,0.32960445
North Macedonia,MKD,2019,0.33505824
Norway,NOR,1979,0.2689476
Norway,NOR,1986,0.24630482
Norway,NOR,1991,0.25226194
Norway,NOR,1995,0.26019552
Norway,NOR,2000,0.27358785
Norway,NOR,2003,0.2762688
Norway,NOR,2004,0.3157802
Norway,NOR,2005,0.30596998
Norway,NOR,2006,0.2635382
Norway,NOR,2007,0.27090636
Norway,NOR,2008,0.26996335
Norway,NOR,2009,0.2615822
Norway,NOR,2010,0.2572369
Norway,NOR,2011,0.25300157
Norway,NOR,2012,0.25725982
Norway,NOR,2013,0.26361105
Norway,NOR,2014,0.26752558
Norway,NOR,2015,0.27496743
Norway,NOR,2016,0.28493318
Norway,NOR,2017,0.2698671
Norway,NOR,2018,0.27560204
Norway,NOR,2019,0.2774182
Pakistan,PAK,1987,0.3331653
Pakistan,PAK,1990,0.33248037
Pakistan,PAK,1996,0.28664988
Pakistan,PAK,1998,0.33123294
Pakistan,PAK,2001,0.2865302
Pakistan,PAK,2004,0.30886108
Pakistan,PAK,2005,0.31261253
Pakistan,PAK,2007,0.29669502
Pakistan,PAK,2010,0.28780863
Pakistan,PAK,2011,0.29697958
Pakistan,PAK,2013,0.29528573
Pakistan,PAK,2015,0.31291267
Pakistan,PAK,2018,0.29589266
Palestine,PSE,2004,0.3404466
Palestine,PSE,2005,0.34742624
Palestine,PSE,2006,0.3395928
Palestine,PSE,2007,0.35606077
Palestine,PSE,2009,0.34463975
Palestine,PSE,2010,0.3529443
Palestine,PSE,2011,0.34415236
Palestine,PSE,2016,0.3369004
Panama,PAN,1979,0.48740143
Panama,PAN,1989,0.58622766
Panama,PAN,1991,0.5802924
Panama,PAN,1995,0.576667
Panama,PAN,1997,0.58143127
Panama,PAN,1998,0.5736364
Panama,PAN,1999,0.5635335
Panama,PAN,2000,0.5659207
Panama,PAN,2001,0.5670764
Panama,PAN,2002,0.560917
Panama,PAN,2003,0.5565018
Panama,PAN,2004,0.54772496
Panama,PAN,2005,0.5380034
Panama,PAN,2006,0.54636407
Panama,PAN,2007,0.52685326
Panama,PAN,2008,0.5269304
Panama,PAN,2009,0.51770425
Panama,PAN,2010,0.516088
Panama,PAN,2011,0.51347023
Panama,PAN,2012,0.51739
Panama,PAN,2013,0.51456016
Panama,PAN,2014,0.5046555
Panama,PAN,2015,0.50805664
Panama,PAN,2016,0.50406915
Panama,PAN,2017,0.49885073
Panama,PAN,2018,0.49211547
Panama,PAN,2019,0.49837545
Panama,PAN,2021,0.5085843
Panama,PAN,2023,0.48875833
Papua New Guinea,PNG,1996,0.45765835
Papua New Guinea,PNG,2009,0.41850442
Paraguay,PRY,1990,0.4083735
Paraguay,PRY,1995,0.5814064
Paraguay,PRY,1997,0.54888344
Paraguay,PRY,1999,0.5457138
Paraguay,PRY,2001,0.54626775
Paraguay,PRY,2002,0.57274485
Paraguay,PRY,2003,0.54937583
Paraguay,PRY,2004,0.52260363
Paraguay,PRY,2005,0.5138116
Paraguay,PRY,2006,0.5299425
Paraguay,PRY,2007,0.5304046
Paraguay,PRY,2008,0.50704694
Paraguay,PRY,2009,0.49145123
Paraguay,PRY,2010,0.5098244
Paraguay,PRY,2011,0.52309674
Paraguay,PRY,2012,0.47633564
Paraguay,PRY,2013,0.479354
Paraguay,PRY,2014,0.50702643
Paraguay,PRY,2015,0.47605744
Paraguay,PRY,2016,0.47899717
Paraguay,PRY,2017,0.4854749
Paraguay,PRY,2018,0.459551
Paraguay,PRY,2019,0.45650637
Paraguay,PRY,2020,0.43481943
Paraguay,PRY,2021,0.4290515
Paraguay,PRY,2022,0.45108196
Peru,PER,1997,0.5325665
Peru,PER,1998,0.55117506
Peru,PER,1999,0.5482133
Peru,PER,2000,0.49072054
Peru,PER,2001,0.5130185
Peru,PER,2002,0.535637
Peru,PER,2003,0.5307964
Peru,PER,2004,0.4987963
Peru,PER,2005,0.5044914
Peru,PER,2006,0.50332135
Peru,PER,2007,0.5002141
Peru,PER,2008,0.47486418
Peru,PER,2009,0.47006038
Peru,PER,2010,0.45537677
Peru,PER,2011,0.44659775
Peru,PER,2012,0.4444003
Peru,PER,2013,0.4388273
Peru,PER,2014,0.43138838
Peru,PER,2015,0.43356073
Peru,PER,2016,0.4363899
Peru,PER,2017,0.43292674
Peru,PER,2018,0.4236557
Peru,PER,2019,0.4152813
Peru,PER,2020,0.4373994
Peru,PER,2021,0.4012181
Peru,PER,2022,0.40349188
Philippines,PHL,1985,0.41037434
Philippines,PHL,1988,0.4074627
Philippines,PHL,1991,0.4382355
Philippines,PHL,1994,0.42888388
Philippines,PHL,1997,0.45962209
Philippines,PHL,2000,0.42799473
Philippines,PHL,2003,0.4149466
Philippines,PHL,2006,0.4285884
Philippines,PHL,2009,0.41760337
Philippines,PHL,2012,0.4222433
Philippines,PHL,2015,0.40351498
Philippines,PHL,2018,0.37811705
Philippines,PHL,2021,0.37268466
Poland,POL,1985,0.25083962
Poland,POL,1986,0.27984542
Poland,POL,1987,0.2552513
Poland,POL,1989,0.26794213
Poland,POL,1992,0.29298562
Poland,POL,1995,0.3464313
Poland,POL,1999,0.32289156
Poland,POL,2004,0.3802178
Poland,POL,2005,0.35808384
Poland,POL,2006,0.34667546
Poland,POL,2007,0.34001285
Poland,POL,2008,0.33485633
Poland,POL,2009,0.33355722
Poland,POL,2010,0.3321481
Poland,POL,2011,0.33180645
Poland,POL,2012,0.3302016
Poland,POL,2013,0.33137318
Poland,POL,2014,0.32824445
Poland,POL,2015,0.3175091
Poland,POL,2016,0.31189167
Poland,POL,2017,0.2968527
Poland,POL,2018,0.302149
Poland,POL,2019,0.28760177
Poland,POL,2020,0.284626
Poland,POL,2021,0.28479505
Portugal,PRT,2003,0.38775018
Portugal,PRT,2004,0.38938782
Portugal,PRT,2005,0.38480073
Portugal,PRT,2006,0.3806078
Portugal,PRT,2007,0.36750183
Portugal,PRT,2008,0.3663415
Portugal,PRT,2009,0.34907416
Portugal,PRT,2010,0.35844672
Portugal,PRT,2011,0.36344677
Portugal,PRT,2012,0.36034793
Portugal,PRT,2013,0.36187103
Portugal,PRT,2014,0.35562173
Portugal,PRT,2015,0.355233
Portugal,PRT,2016,0.3519052
Portugal,PRT,2017,0.3380384
Portugal,PRT,2018,0.33492562
Portugal,PRT,2019,0.32762748
Portugal,PRT,2020,0.3466863
Portugal,PRT,2021,0.3459202
Qatar,QAT,2017,0.35128385
Romania,ROU,1989,0.23307304
Romania,ROU,1992,0.25461727
Romania,ROU,1994,0.28200582
Romania,ROU,1995,0.31158027
Romania,ROU,1997,0.30504426
Romania,ROU,2006,0.3964077
Romania,ROU,2007,0.37547696
Romania,ROU,2008,0.36428705
Romania,ROU,2009,0.35564327
Romania,ROU,2010,0.3547109
Romania,ROU,2011,0.3586662
Romania,ROU,2012,0.3654543
Romania,ROU,2013,0.3691507
Romania,ROU,2014,0.36009043
Romania,ROU,2015,0.35913625
Romania,ROU,2016,0.34406662
Romania,ROU,2017,0.36012593
Romania,ROU,2018,0.35758388
Romania,ROU,2019,0.34800515
Romania,ROU,2020,0.3457019
Romania,ROU,2021,0.3385264
Russia,RUS,1993,0.45385477
Russia,RUS,1996,0.4609863
Russia,RUS,1997,0.38409194
Russia,RUS,1998,0.38137
Russia,RUS,1999,0.37443382
Russia,RUS,2000,0.37092733
Russia,RUS,2001,0.36924976
Russia,RUS,2002,0.37283763
Russia,RUS,2003,0.39971545
Russia,RUS,2004,0.4031583
Russia,RUS,2005,0.41265598
Russia,RUS,2006,0.4095094
Russia,RUS,2007,0.42272472
Russia,RUS,2008,0.41568583
Russia,RUS,2009,0.398456
Russia,RUS,2010,0.39548978
Russia,RUS,2011,0.39749315
Russia,RUS,2012,0.40714827
Russia,RUS,2013,0.40884423
Russia,RUS,2014,0.3988122
Russia,RUS,2015,0.37710539
Russia,RUS,2016,0.368485
Russia,RUS,2017,0.37239072
Russia,RUS,2018,0.37473005
Russia,RUS,2019,0.37736863
Russia,RUS,2020,0.36068243
Rwanda,RWA,2000,0.4851838
Rwanda,RWA,2005,0.52019864
Rwanda,RWA,2010,0.4722184
Rwanda,RWA,2013,0.45111495
Rwanda,RWA,2016,0.43709454
Rwanda (rural),,1984,0.28898594
Saint Lucia,LCA,1995,0.4258438
Saint Lucia,LCA,2015,0.5122298
Samoa,WSM,2002,0.4073552
Samoa,WSM,2008,0.4204655
Samoa,WSM,2013,0.38743454
Sao Tome and Principe,STP,2000,0.32125893
Sao Tome and Principe,STP,2010,0.3082127
Sao Tome and Principe,STP,2017,0.4072948
Senegal,SEN,1991,0.5404016
Senegal,SEN,1994,0.39245197
Senegal,SEN,2001,0.41229436
Senegal,SEN,2005,0.3921271
Senegal,SEN,2011,0.40274113
Senegal,SEN,2018,0.38314784
Senegal,SEN,2021,0.3615772
Serbia,SRB,2012,0.39887607
Serbia,SRB,2013,0.3944599
Serbia,SRB,2014,0.40437588
Serbia,SRB,2015,0.40461844
Serbia,SRB,2016,0.38775226
Serbia,SRB,2017,0.36105734
Serbia,SRB,2018,0.35003355
Serbia,SRB,2019,0.34475464
Serbia,SRB,2020,0.34950927
Serbia,SRB,2021,0.3312897
Seychelles,SYC,1999,0.42776692
Seychelles,SYC,2006,0.42767617
Seychelles,SYC,2013,0.46822062
Seychelles,SYC,2018,0.3212532
Sierra Leone,SLE,2003,0.40167344
Sierra Leone,SLE,2011,0.34030157
Sierra Leone,SLE,2018,0.35690176
Slovakia,SVK,1992,0.20186578
Slovakia,SVK,1996,0.26275486
Slovakia,SVK,2004,0.2707678
Slovakia,SVK,2005,0.29296494
Slovakia,SVK,2006,0.25797036
Slovakia,SVK,2007,0.24664712
Slovakia,SVK,2008,0.26024988
Slovakia,SVK,2009,0.2723098
Slovakia,SVK,2010,0.2731572
Slovakia,SVK,2011,0.2653828
Slovakia,SVK,2012,0.26115808
Slovakia,SVK,2013,0.28086153
Slovakia,SVK,2014,0.26103425
Slovakia,SVK,2015,0.26491234
Slovakia,SVK,2016,0.2515492
Slovakia,SVK,2017,0.23237365
Slovakia,SVK,2018,0.24970019
Slovakia,SVK,2019,0.23232324
Slovakia,SVK,2020,0.24219424
Slovakia,SVK,2021,0.2411022
Slovenia,SVN,1987,0.2359837
Slovenia,SVN,1993,0.2911778
Slovenia,SVN,1997,0.241215
Slovenia,SVN,1999,0.24042886
Slovenia,SVN,2004,0.24790733
Slovenia,SVN,2005,0.24634741
Slovenia,SVN,2006,0.24363928
Slovenia,SVN,2007,0.24354753
Slovenia,SVN,2008,0.23718019
Slovenia,SVN,2009,0.24787736
Slovenia,SVN,2010,0.24933259
Slovenia,SVN,2011,0.24868034
Slovenia,SVN,2012,0.25585502
Slovenia,SVN,2013,0.26241106
Slovenia,SVN,2014,0.25657535
Slovenia,SVN,2015,0.25408465
Slovenia,SVN,2016,0.24757937
Slovenia,SVN,2017,0.24219307
Slovenia,SVN,2018,0.24633364
Slovenia,SVN,2019,0.24384232
Slovenia,SVN,2020,0.24031529
Slovenia,SVN,2021,0.2428228
Solomon Islands,SLB,2005,0.46088147
Solomon Islands,SLB,2012,0.37054926
South Africa,ZAF,1993,0.5933394
South Africa,ZAF,2000,0.5776966
South Africa,ZAF,2005,0.6476209
South Africa,ZAF,2008,0.63009
South Africa,ZAF,2010,0.6338269
South Africa,ZAF,2014,0.630258
South Korea,KOR,2006,0.31702983
South Korea,KOR,2008,0.32324833
South Korea,KOR,2010,0.32021224
South Korea,KOR,2012,0.31558052
South Korea,KOR,2014,0.31192905
South Korea,KOR,2016,0.35222206
South Korea,KOR,2017,0.34854642
South Korea,KOR,2018,0.33725032
South Korea,KOR,2019,0.33196163
South Korea,KOR,2020,0.32708606
South Korea,KOR,2021,0.32906574
South Sudan,SSD,2009,0.46318194
South Sudan,SSD,2016,0.44057786
Spain,ESP,1980,0.34483546
Spain,ESP,1985,0.34431675
Spain,ESP,1990,0.32023215
Spain,ESP,1993,0.3565849
Spain,ESP,1994,0.35103723
Spain,ESP,1995,0.35726634
Spain,ESP,1996,0.36464584
Spain,ESP,1997,0.35324422
Spain,ESP,1998,0.34580052
Spain,ESP,1999,0.3379193
Spain,ESP,2000,0.34128913
Spain,ESP,2003,0.31800938
Spain,ESP,2004,0.33301964
Spain,ESP,2005,0.32431775
Spain,ESP,2006,0.33541158
Spain,ESP,2007,0.3413741
Spain,ESP,2008,0.342204
Spain,ESP,2009,0.34924084
Spain,ESP,2010,0.35244486
Spain,ESP,2011,0.35693976
Spain,ESP,2012,0.35403663
Spain,ESP,2013,0.36181897
Spain,ESP,2014,0.3605231
Spain,ESP,2015,0.3617834
Spain,ESP,2016,0.35757092
Spain,ESP,2017,0.3465126
Spain,ESP,2018,0.3471633
Spain,ESP,2019,0.34303716
Spain,ESP,2020,0.34863645
Spain,ESP,2021,0.3388591
Sri Lanka,LKA,1985,0.32467854
Sri Lanka,LKA,1990,0.32447433
Sri Lanka,LKA,1995,0.35399538
Sri Lanka,LKA,2002,0.40171906
Sri Lanka,LKA,2006,0.3966902
Sri Lanka,LKA,2009,0.36054152
Sri Lanka,LKA,2012,0.38713607
Sri Lanka,LKA,2016,0.39345774
Sri Lanka,LKA,2019,0.37663776
Sudan,SDN,2009,0.35395128
Sudan,SDN,2014,0.3424273
Suriname,SUR,2022,0.39179897
Suriname (urban),,1999,0.5754272
Sweden,SWE,1975,0.24283695
Sweden,SWE,1981,0.22923574
Sweden,SWE,1987,0.23057628
Sweden,SWE,1992,0.24908733
Sweden,SWE,1995,0.25236505
Sweden,SWE,2000,0.2696006
Sweden,SWE,2001,0.2654536
Sweden,SWE,2002,0.26216906
Sweden,SWE,2003,0.25268546
Sweden,SWE,2004,0.2614015
Sweden,SWE,2005,0.26821113
Sweden,SWE,2006,0.26351255
Sweden,SWE,2007,0.27114177
Sweden,SWE,2008,0.2811921
Sweden,SWE,2009,0.27339876
Sweden,SWE,2010,0.27736187
Sweden,SWE,2011,0.27605262
Sweden,SWE,2012,0.27643898
Sweden,SWE,2013,0.28822792
Sweden,SWE,2014,0.28388658
Sweden,SWE,2015,0.29209688
Sweden,SWE,2016,0.29561213
Sweden,SWE,2017,0.28774142
Sweden,SWE,2018,0.29971606
Sweden,SWE,2019,0.2930465
Sweden,SWE,2020,0.28870627
Sweden,SWE,2021,0.29765385
Switzerland,CHE,1982,0.3600527
Switzerland,CHE,1992,0.33854857
Switzerland,CHE,2000,0.33431056
Switzerland,CHE,2002,0.31686732
Switzerland,CHE,2004,0.31564513
Switzerland,CHE,2006,0.33918807
Switzerland,CHE,2007,0.34255534
Switzerland,CHE,2008,0.337947
Switzerland,CHE,2009,0.32855856
Switzerland,CHE,2010,0.3255303
Switzerland,CHE,2011,0.3171362
Switzerland,CHE,2012,0.31567127
Switzerland,CHE,2013,0.3246219
Switzerland,CHE,2014,0.3252566
Switzerland,CHE,2015,0.32306957
Switzerland,CHE,2016,0.33042452
Switzerland,CHE,2017,0.32676333
Switzerland,CHE,2018,0.3314104
Switzerland,CHE,2019,0.3399834
Switzerland,CHE,2020,0.33737928
Syria,SYR,1996,0.3516938
Syria,SYR,2003,0.37514603
Syria,SYR,2006,0.4014725
Syria,SYR,2009,0.40394777
Syria,SYR,2022,0.26628006
Taiwan,TWN,1981,0.29969484
Taiwan,TWN,1986,0.29707956
Taiwan,TWN,1991,0.29967803
Taiwan,TWN,1995,0.3132387
Taiwan,TWN,1997,0.30822107
Taiwan,TWN,2000,0.31111476
Taiwan,TWN,2005,0.32179585
Taiwan,TWN,2007,0.32124567
Taiwan,TWN,2010,0.33213326
Taiwan,TWN,2013,0.32487386
Taiwan,TWN,2016,0.31448635
Taiwan,TWN,2017,0.31754693
Taiwan,TWN,2018,0.31633675
Taiwan,TWN,2019,0.3119192
Taiwan,TWN,2020,0.31231022
Taiwan,TWN,2021,0.31566375
Tajikistan,TJK,1999,0.2953486
Tajikistan,TJK,2003,0.3271972
Tajikistan,TJK,2004,0.3360195
Tajikistan,TJK,2007,0.32182014
Tajikistan,TJK,2009,0.30774954
Tajikistan,TJK,2015,0.3399559
Tanzania,TZA,1991,0.35275686
Tanzania,TZA,2000,0.37266687
Tanzania,TZA,2007,0.40277025
Tanzania,TZA,2011,0.3778315
Tanzania,TZA,2018,0.4049123
Thailand,THA,1981,0.4521682
Thailand,THA,1988,0.43838593
Thailand,THA,1990,0.45265648
Thailand,THA,1992,0.47857958
Thailand,THA,1994,0.43470213
Thailand,THA,1996,0.42904922
Thailand,THA,1998,0.41455793
Thailand,THA,1999,0.43091586
Thailand,THA,2000,0.42833668
Thailand,THA,2002,0.41944495
Thailand,THA,2004,0.42540312
Thailand,THA,2006,0.41819033
Thailand,THA,2007,0.39761516
Thailand,THA,2008,0.40288273
Thailand,THA,2009,0.39601263
Thailand,THA,2010,0.3940277
Thailand,THA,2011,0.37459034
Thailand,THA,2012,0.39256668
Thailand,THA,2013,0.37847108
Thailand,THA,2014,0.37032664
Thailand,THA,2015,0.35987332
Thailand,THA,2016,0.3689063
Thailand,THA,2017,0.36382803
Thailand,THA,2018,0.36412174
Thailand,THA,2019,0.34855723
Thailand,THA,2020,0.34985816
Thailand,THA,2021,0.34923872
Togo,TGO,2006,0.42211255
Togo,TGO,2011,0.4601219
Togo,TGO,2015,0.43023092
Togo,TGO,2018,0.42534238
Togo,TGO,2021,0.37858006
Tonga,TON,2000,0.37690175
Tonga,TON,2009,0.3749649
Tonga,TON,2015,0.33521304
Tonga,TON,2021,0.27095765
Trinidad and Tobago,TTO,1988,0.4260131
Trinidad and Tobago,TTO,1992,0.40185452
Tunisia,TUN,1985,0.4343376
Tunisia,TUN,1990,0.40102237
Tunisia,TUN,1995,0.41657296
Tunisia,TUN,2000,0.40809476
Tunisia,TUN,2005,0.37733382
Tunisia,TUN,2010,0.35808256
Tunisia,TUN,2015,0.32815883
Tunisia,TUN,2021,0.33716425
Turkey,TUR,1987,0.4103413
Turkey,TUR,1994,0.413152
Turkey,TUR,2002,0.41396376
Turkey,TUR,2003,0.42184338
Turkey,TUR,2004,0.4128751
Turkey,TUR,2005,0.42614657
Turkey,TUR,2006,0.39647412
Turkey,TUR,2007,0.384428
Turkey,TUR,2008,0.3902054
Turkey,TUR,2009,0.3896531
Turkey,TUR,2010,0.3878508
Turkey,TUR,2011,0.40039355
Turkey,TUR,2012,0.40168938
Turkey,TUR,2013,0.401785
Turkey,TUR,2014,0.41236562
Turkey,TUR,2015,0.42854458
Turkey,TUR,2016,0.41873705
Turkey,TUR,2017,0.4353174
Turkey,TUR,2018,0.42441463
Turkey,TUR,2019,0.4383382
Turkey,TUR,2020,0.43045047
Turkey,TUR,2021,0.44364843
Turkmenistan,TKM,1998,0.40806928
Tuvalu,TUV,2010,0.39139032
Uganda,UGA,1989,0.44362718
Uganda,UGA,1992,0.41423506
Uganda,UGA,1996,0.39042878
Uganda,UGA,1999,0.42997676
Uganda,UGA,2002,0.4516984
Uganda,UGA,2005,0.4294434
Uganda,UGA,2009,0.44190434
Uganda,UGA,2012,0.41009575
Uganda,UGA,2016,0.42753503
Uganda,UGA,2019,0.42702642
Ukraine,UKR,1992,0.2970884
Ukraine,UKR,1993,0.28926983
Ukraine,UKR,1995,0.39231017
Ukraine,UKR,1996,0.35153562
Ukraine,UKR,2002,0.29045695
Ukraine,UKR,2003,0.28664893
Ukraine,UKR,2004,0.28934017
Ukraine,UKR,2005,0.29020715
Ukraine,UKR,2006,0.29794392
Ukraine,UKR,2007,0.27012688
Ukraine,UKR,2008,0.2663823
Ukraine,UKR,2009,0.25316665
Ukraine,UKR,2010,0.24818976
Ukraine,UKR,2011,0.24551843
Ukraine,UKR,2012,0.24740657
Ukraine,UKR,2013,0.24554986
Ukraine,UKR,2014,0.24025366
Ukraine,UKR,2015,0.2545754
Ukraine,UKR,2016,0.25002202
Ukraine,UKR,2017,0.26049048
Ukraine,UKR,2018,0.26071486
Ukraine,UKR,2019,0.26619467
Ukraine,UKR,2020,0.25627363
United Arab Emirates,ARE,2013,0.3251042
United Arab Emirates,ARE,2018,0.26399004
United Kingdom,GBR,1968,0.2684166
United Kingdom,GBR,1969,0.27904898
United Kingdom,GBR,1970,0.27964503
United Kingdom,GBR,1971,0.2929356
United Kingdom,GBR,1972,0.28776282
United Kingdom,GBR,1973,0.2881038
United Kingdom,GBR,1974,0.28957152
United Kingdom,GBR,1975,0.27880856
United Kingdom,GBR,1976,0.27589646
United Kingdom,GBR,1977,0.27141878
United Kingdom,GBR,1978,0.2723537
United Kingdom,GBR,1979,0.2743262
United Kingdom,GBR,1980,0.28477892
United Kingdom,GBR,1981,0.2968705
United Kingdom,GBR,1982,0.29903
United Kingdom,GBR,1983,0.29786685
United Kingdom,GBR,1984,0.29166204
United Kingdom,GBR,1985,0.30419374
United Kingdom,GBR,1986,0.31919184
United Kingdom,GBR,1987,0.3385342
United Kingdom,GBR,1988,0.34272873
United Kingdom,GBR,1989,0.33354205
United Kingdom,GBR,1990,0.3574197
United Kingdom,GBR,1991,0.34962818
United Kingdom,GBR,1992,0.34955472
United Kingdom,GBR,1993,0.3507596
United Kingdom,GBR,1994,0.35978922
United Kingdom,GBR,1995,0.3551664
United Kingdom,GBR,1996,0.3529524
United Kingdom,GBR,1997,0.35735163
United Kingdom,GBR,1998,0.36621472
United Kingdom,GBR,1999,0.3678378
United Kingdom,GBR,2000,0.38848642
United Kingdom,GBR,2001,0.37086216
United Kingdom,GBR,2002,0.35146394
United Kingdom,GBR,2003,0.34856063
United Kingdom,GBR,2004,0.34834158
United Kingdom,GBR,2005,0.35485032
United Kingdom,GBR,2006,0.35879987
United Kingdom,GBR,2007,0.34413147
United Kingdom,GBR,2008,0.35445124
United Kingdom,GBR,2009,0.35137364
United Kingdom,GBR,2010,0.337056
United Kingdom,GBR,2011,0.33191085
United Kingdom,GBR,2012,0.33090645
United Kingdom,GBR,2013,0.32699567
United Kingdom,GBR,2014,0.3314094
United Kingdom,GBR,2015,0.33311963
United Kingdom,GBR,2016,0.33109283
United Kingdom,GBR,2017,0.3260817
United Kingdom,GBR,2018,0.33689743
United Kingdom,GBR,2019,0.32824126
United Kingdom,GBR,2020,0.32644516
United Kingdom,GBR,2021,0.32414576
United States,USA,1963,0.3759994
United States,USA,1964,0.3813833
United States,USA,1965,0.37497944
United States,USA,1966,0.37782517
United States,USA,1967,0.36886352
United States,USA,1968,0.36326116
United States,USA,1969,0.36014515
United States,USA,1970,0.36631274
United States,USA,1971,0.3691743
United States,USA,1972,0.36661345
United States,USA,1973,0.36112794
United States,USA,1974,0.35476592
United States,USA,1975,0.35648412
United States,USA,1976,0.35560542
United States,USA,1977,0.35504344
United States,USA,1978,0.34790027
United States,USA,1979,0.34758896
United States,USA,1980,0.34716922
United States,USA,1981,0.35487545
United States,USA,1982,0.3666043
United States,USA,1983,0.37292022
United States,USA,1984,0.37344342
United States,USA,1985,0.37640676
United States,USA,1986,0.3755635
United States,USA,1987,0.37196118
United States,USA,1988,0.37705094
United States,USA,1989,0.38237965
United States,USA,1990,0.38262504
United States,USA,1991,0.38044858
United States,USA,1992,0.38372815
United States,USA,1993,0.4036311
United States,USA,1994,0.39985397
United States,USA,1995,0.39853615
United States,USA,1996,0.40308332
United States,USA,1997,0.40524158
United States,USA,1998,0.39951783
United States,USA,1999,0.39984423
United States,USA,2000,0.40138903
United States,USA,2001,0.40594307
United States,USA,2002,0.40352058
United States,USA,2003,0.40770072
United States,USA,2004,0.40250537
United States,USA,2005,0.40962887
United States,USA,2006,0.413959
United States,USA,2007,0.40795898
United States,USA,2008,0.40809166
United States,USA,2009,0.40608335
United States,USA,2010,0.40007547
United States,USA,2011,0.40934193
United States,USA,2012,0.4093412
United States,USA,2013,0.40649238
United States,USA,2014,0.41508022
United States,USA,2015,0.41235605
United States,USA,2016,0.41118968
United States,USA,2017,0.41177237
United States,USA,2018,0.4140517
United States,USA,2019,0.41533518
United States,USA,2020,0.39682114
United States,USA,2021,0.39696464
United States,USA,2022,0.41334125
Uruguay,URY,2006,0.4594136
Uruguay,URY,2007,0.46404734
Uruguay,URY,2008,0.4508151
Uruguay,URY,2009,0.45541507
Uruguay,URY,2010,0.44474792
Uruguay,URY,2011,0.42175132
Uruguay,URY,2012,0.39900422
Uruguay,URY,2013,0.40450785
Uruguay,URY,2014,0.40110928
Uruguay,URY,2015,0.40128586
Uruguay,URY,2016,0.3969534
Uruguay,URY,2017,0.39464375
Uruguay,URY,2018,0.39687112
Uruguay,URY,2019,0.3967629
Uruguay,URY,2020,0.40155584
Uruguay,URY,2021,0.40776816
Uruguay,URY,2022,0.40551677
Uruguay (urban),,1981,0.43645427
Uruguay (urban),,1989,0.42369017
Uruguay (urban),,1992,0.41468027
Uruguay (urban),,1995,0.4092631
Uruguay (urban),,1996,0.40751207
Uruguay (urban),,1997,0.41456702
Uruguay (urban),,1998,0.4248223
Uruguay (urban),,2000,0.42907074
Uruguay (urban),,2001,0.45007667
Uruguay (urban),,2002,0.45544198
Uruguay (urban),,2003,0.4503368
Uruguay (urban),,2004,0.45880932
Uruguay (urban),,2005,0.44727546
Uzbekistan,UZB,1998,0.44268507
Uzbekistan,UZB,2000,0.36011636
Uzbekistan,UZB,2002,0.33036503
Uzbekistan,UZB,2003,0.3526095
Uzbekistan,UZB,2022,0.31184828
Vanuatu,VUT,2010,0.37351298
Vanuatu,VUT,2019,0.32317576
Venezuela,VEN,1981,0.5560985
Venezuela,VEN,1987,0.5344797
Venezuela,VEN,1989,0.43776318
Venezuela,VEN,1992,0.42061847
Venezuela,VEN,1995,0.4716726
Venezuela,VEN,1998,0.47999668
Venezuela,VEN,1999,0.47699356
Venezuela,VEN,2001,0.4717132
Venezuela,VEN,2002,0.48879746
Venezuela,VEN,2003,0.47908917
Venezuela,VEN,2004,0.4731904
Venezuela,VEN,2005,0.49318564
Venezuela,VEN,2006,0.44699317
Vietnam,VNM,1992,0.35654002
Vietnam,VNM,1997,0.35442206
Vietnam,VNM,2002,0.37029624
Vietnam,VNM,2004,0.36785832
Vietnam,VNM,2006,0.35788617
Vietnam,VNM,2008,0.35570312
Vietnam,VNM,2010,0.39252725
Vietnam,VNM,2012,0.35645887
Vietnam,VNM,2014,0.34755376
Vietnam,VNM,2016,0.3526674
Vietnam,VNM,2018,0.35715547
Vietnam,VNM,2020,0.36790165
Vietnam,VNM,2022,0.36093006
Yemen,YEM,1998,0.34997785
Yemen,YEM,2005,0.34732336
Yemen,YEM,2014,0.36707094
Zambia,ZMB,1991,0.5940293
Zambia,ZMB,1993,0.5255011
Zambia,ZMB,1996,0.48328376
Zambia,ZMB,1998,0.4912212
Zambia,ZMB,2002,0.4205863
Zambia,ZMB,2004,0.54263926
Zambia,ZMB,2006,0.54569334
Zambia,ZMB,2010,0.52011114
Zambia,ZMB,2015,0.5583758
Zambia,ZMB,2022,0.51483124
Zimbabwe,ZWE,2011,0.43153575
Zimbabwe,ZWE,2017,0.44337082
Zimbabwe,ZWE,2019,0.5025645
